brand,productName,category,usedFor,ingredientsUrl,price,description,instructions,fullIngredientList,img,size,ingredientList
Then I Met You,Birch Milk Refining Toner,Toner,"Anti-Aging, Exfoliation, Hydration",https://thenimetyou.com/products/birch-milk-refining-toner,32,"With a 76% concentration of pure birch juice, this acid toner features an optimal blend of pore-refining AHAs and PHAs and natural skin-soothers like marshmallow root extract and squalane to gently buff away fine lines while hydrating your skin.","Gentle for daily use. After cleansing, shake well and dispense Birch Milk Refining Toner into your hands and pat onto face and neck. Continue with the rest of your skin care routine. With any expected sun exposure, always protect skin with sunscreen.","Betula Platyphylla Japonica Juice, Glycerin, Butylene Glycol, 1,2-Hexanediol, Sodium Hyaluronate, Glycolic Acid, Lactic Acid, Squalane, Butyrospermum Parkii (Shea) Butter, Althaea Officinalis Root Extract, Gluconolactone, Water, Sodium Lactate,Trehalose,Gaultheria Procumbens (Wintergreen) Leaf Extract, Rosa Damascena Flower Water, Sodium Dodoxynol-40 Sulfate, Sorbic Acid, Olea Europaea (Olive) Fruit Oil, Polyglyceryl-10 Laurate, Polyglyceryl-10 Myristate, Styrene/VP Copolymer, Disodium EDTA, Citric Acid",https://cdn.shopify.com/s/files/1/0023/6584/9655/products/Toner-1_1_475x600@2x.jpg?v=1570556282,100 ml / 3.38 oz,"https://www.notion.so/Birch-Juice-f27f15bc5e634affa90ac651b1e9f3e5, https://www.notion.so/Squalane-eb41a2e5030048efa8d8a439bd88f982, https://www.notion.so/Gluconolactone-1c577c18cd204cf98e4c93cf97713b0e, https://www.notion.so/Marshmallow-Root-27c658429bc44a1a92b3f5d787f52797, https://www.notion.so/Olive-Oil-fafd88460dd84f78b23a2de632e139d7"
Then I Met You,The Giving Essence,Essence,"Brightening, Hydration",https://thenimetyou.com/products/the-giving-essence,50,"This silky treatment essence is designed with over 80% naturally fermented ingredients that couple with polyglutamic acid to deeply hydrate and retain moisture in your skin. Its natural pink hue is derived from a powerful cocktail of antioxidant-rich red algae and berries, along with ellagic acid to brighten the skin, which will unveil a luminous complexion.","Gentle for daily use. After cleansing and toning, dispense The Giving Essence into your hands and pat onto face and neck. Continue with the rest of your skincare routine. With any expected sun exposure, always protect skin with sunscreen.","Galactomyces Ferment Filtrate, Aspergillus Ferment Extract Filtrate, Saccharomyces Ferment Filtrate, Propanediol, Niacinamide, Butylene Glycol, 1,2-Hexanediol, Aloe Barbadensis Leaf Extract, Ellagic Acid, Aronia Melanocarpa Fruit Extract, Polyglutamic Acid, Glycerin, Corallina Officinalis Extract, Sodium Hyaluronate, Morus Alba Root Extract, Allantoin, Ocimum Sanctum Leaf Extract, Ribes Nigrum (Black Currant) Fruit Extract, Rubus Coreanus Fruit Extract, Lycium Chinense Fruit Extract, Curcuma Longa (Turmeric) Root Extract, Glycyrrhiza Uralensis (Licorice) Root Extract, Rubus Fruticosus (Blackberry) Fruit Extract, Rubus Idaeus (Raspberry) Fruit Extract, Betaine, Vaccinium Myrtillus Fruit Extract, Aristotelia Chilensis Fruit Extract, Euterpe Oleracea Fruit Extract, Vaccinium Angustifolium (Blueberry) Fruit Extract, Aloe Barbadensis Flower Extract, Solanum Melongena (Eggplant) Fruit Extract, Gardenia Jasminoides Fruit Extract, Sodium Polyacryloyldimethyl Taurate, Ethylhexylglycerin, Melia Azadirachta Leaf Extract, Melia Azadirachta Flower Extract, Xanthan Gum, Coccinia Indica Fruit Extract, Portulaca Oleracea Extract, Water, Methylpropanediol",https://cdn.shopify.com/s/files/1/0023/6584/9655/products/Essence-2_1_475x600@2x.jpg?v=1570557025,100 ml / 3.38 oz,"https://www.notion.so/Black-Chokeberry-4ad0ee7bd4204cc197acff8dc8185ba7, https://www.notion.so/Ellagic-Acid-6afc57faee404315adcc6dccd9b7ae73, https://www.notion.so/Polyglutamic-Acid-fdaf118d74044306b409f2af875e285f, https://www.notion.so/Galactomyces-542c8a7471ff4d36bcb361be4bab626e, https://www.notion.so/Red-Algae-7b3a1a97abd540d79e0d2a13a73afb5f"
Then I Met You,Living Cleansing Balm,Cleanser,Cleansing,https://thenimetyou.com/products/living-cleansing-balm,38,"Our oil cleanser combines a blend of lightweight grape seed, olive and seaberry oils. Hints of rosemary, persimmon and grapefruit make this a sensorial, aromatic experience designed to delight your senses and leave your skin soft and clean.","For the first step of your double cleanse, use spatula to scoop a dime sized amount onto dry skin and gently massage in circular motions. Add a splash of warm water to emulsify and remove oil-based impurities. Rinse thoroughly before moving to step two, a water-based cleanser.","Olea Europaea (Olive) Fruit Oil, Vitis Vinifera (Grape) Seed Oil, Cetyl Ethylhexanoate, PEG-20 Glyceryl Trii-sostearate, PEG-8 Isostearate, Cera Microcristallina (Microcrystalline Wax/Cire Microcristalline), Hippophae Rhamnoides Oil, Ceresin, Synthetic Wax, Orbiignya Oleifera Seed Oil, Diospyros Kaki Fruit Extract, Aniba Rosaeodora (Rosewood) Wood Oil, Citrus Paradisi (Grapefruit) Peel Oil, Rosemarinus Officinalis (Rosemary) Leaf Oil, Tocopheryl Acetate, 1,2-Hexanediol, Bis-Diglyceryl Polyacyladipate-2, Ethylene/Propylene Copolymer",https://beautylifestyle11.files.wordpress.com/2018/10/download-2_475x6002x.jpg,90 g / 3.17 oz,"https://www.notion.so/Seaberry-Sea-Buckthorn-Oil-61b79867ac7f476a82cd3b4edc00ab72, https://www.notion.so/Persimmon-Extract-26f51ba2b1fe4fb8bae6ffc3d229672f, https://www.notion.so/Vitamin-E-da5f3f6946b045549e19f6a59ba58d21, https://www.notion.so/Olive-Oil-fafd88460dd84f78b23a2de632e139d7, https://www.notion.so/Grapeseed-Oil-c2d98f01627844af8017df8e39975c09, https://www.notion.so/Babassu-Oil-ed19f6812a74467fae61456bd3e4e0aa"
Then I Met You,Soothing Tea Cleansing Gel,Cleanser,Cleansing,https://thenimetyou.com/products/soothing-tea-cleansing-gel,36,"Featuring fermented rice water (sake), this innovative gel cleanser has a soothing jelly texture to soften and clear your skin of all impurities. A fusion of herbal licorice root and mandarin citrus scents are designed to awaken your senses during every use.","For the second step of your double cleanse, lather a pea-sized amount using water and wet hands. Then massage into your skin to remove water-based impurities. Rinse thoroughly and gently pat dry.","Rice Ferment Filtrate (Sake), Water, Glycerin, Acrylates/Beheneth-25 Methacrylate Copolymer, Diethylhexyl Sodium Sulfosuccinate, Sorbitol, Potassium Cocoyl Glycinate, 1,2-Hexanediol, Disodium Laureth Sulfosuccinate, Diglycerin, Potassium Cocoate, Propylene Glycol, Glycyrrhiza Glabra (Licorice) Root Extract, Oryza Sativa (Rice) Bran Oil,Camellia Sinensis Leaf Extract, Sodium Hyaluronate, Centella Asiatica Extract, Melaleuca Alternifolia (Tea Tree) Leaf Extract, Panthenol, Salix Alba (Willow) Bark Extract, Gluconolactone, Citric Acid, Theobroma Cacao (Cocoa) Extract, Glyceryl Caprylate, Polyacrylate Crosspolymer-6, Ethylhexylglycerin, Citrus Aurantium Dulcis (Orange) Peel Oil, Polyglycerin-3, Dextrin, Disodium EDTA, Cinnamomum Camphora (Camphor) Bark Oil, Glyceryl Acrylate/Acrylic Acid Copolymer, T-Butyl Alcohol, Butylene Glycol",https://cdn.shopify.com/s/files/1/0023/6584/9655/products/Gel_475x600@2x.jpg?v=1552317732,100 mL / 3.38 oz,"https://www.notion.so/Licorice-Root-3c5f763cdf6f4772b26324fa6d1b3817, https://www.notion.so/Rice-Ferment-Filtrate-Sake-c4ecdeb91de440eaa32c2f1c819612b2, https://www.notion.so/Centella-Asiatica-eabd1d8722444ea68f63198dfc4d0401, https://www.notion.so/Green-Tea-d37717a653f847ec92a87397e732759f, https://www.notion.so/Tea-Tree-Leaf-d3171f5719a84730967cb07d2aaff544, https://www.notion.so/Gluconolactone-1c577c18cd204cf98e4c93cf97713b0e"
Then I Met You,Calming Tide Gel Cream,Moisturizer,"Brightening, Hydration",https://thenimetyou.com/products/calming-tide-gel-cream,42,"A light-as-air skin care experience, infused with our signature Tri-Tide Peptide Complex™, provides a gentle tide of hydration for supple and firm skin. Our innovative gel cream texture is thoughtfully designed to be a burst of lightweight moisture, and is a perfect compliment to our cocktail of skin fortifying ceramides, brightening niacinamide and calming hibiscus plant extracts.","After cleansing, dispense the Calming Tide Gel Cream™ into your hands and smooth onto face and neck morning and night.","Water, Butylene Glycol, Glycerin, 1,2-Hexanediol, Niacinamide, Propanediol, Triethylhexanoin, Cetyl Ethylhexanoate, Hibiscus Sabdariffa Flower Extract, Ceramide NP, Acetyl Hexapeptide-8, Sodium Hyaluronate, Palmitoyl Tripeptide-5, Madecassoside, Palmitoyl Pentapeptide-4, Coco-Caprylate/Caprate, Glycereth-25 PCA Isostearate, Carbomer, Tromethamine, Hydroxyethyl Acrylate/Sodium Acryloyldimethyl Taurate Copolymer, Ethylhexylglycerin, Adenosine, Xanthan Gum, Coptis Japonica Extract, Cyanocobalamin, Betaine, Citrus Aurantium Bergamia Fruit Oil",https://cdn.shopify.com/s/files/1/0023/6584/9655/products/TIMY_PDP3_001_LowRes-updated_edit_jpg_475x600@2x.png?v=1585342031,50 mL /1.69 fl oz,
Glossier,Futuredew,Serum,Brightening,https://www.glossier.com/products/futuredew,24,"A shortcut to the way your skin looks after a full skincare routine—dewy, glowing, cared-for—in one long-wearing product","Use it as the last step in your skincare routine after moisturizer, serums, and sunscreen","Water/Aqua/Eau, Glycerin, Squalane, Isoamyl Laurate, Polyglyceryl-3 Polyricinoleate, Butylene Glycol, Simmondsia Chinensis (Jojoba) Seed Oil, Propanediol, Isohexadecane, 1,2-Hexanediol, Oenothera Biennis (Evening Primrose) Oil, Olive Oil Polyglyceryl-6 Esters, Vitis Vinifera (Grape) Seed Oil, Rosa Canina Fruit Oil, Polyglyceryl-6 Pentaoleate, Sodium Hyaluronate, Tocopheryl Acetate, Evodia Rutaecarpa Fruit Extract, Rosmarinus Officinalis (Rosemary) Leaf Oil, Ricinus Communis (Castor) Seed Oil, Hydrogenated Castor Oil, Hydroxyacetophenone, Sodium Chloride, Disteardimonium Hectorite, Propylene Carbonate, Tin Oxide, Mica, Titanium Dioxide (CI 77891), Iron Oxides (CI 77491)",https://static-assets.glossier.com/production/spree/images/attachments/000/004/424/portrait_normal/1.png?1570461864,30 mL / 1 fl oz,
Glossier,Bubblewrap,Eye Cream,Hydration,https://www.glossier.com/products/bubblewrap,26,A silky eye + lip cream that hydrates your face’s two most delicate areas,"Each morning and night, after cleansing, use your ring finger to gently press one pump of Bubblewrap onto fingertips.","Water/Aqua/Eau, Glycerin, Hydrogenated Polyisobutene, Microcrystalline Wax/Cera Microcristallina/Cire Microcristalline, Dimethicone, Polymethylsilsesquioxane, Caprylic/Capric Triglyceride, Isopropyl Palmitate, Ethylhexyl Stearate, Propanediol, Undecane, Sodium Chloride, Lauryl PEG-9 Polydimethylsiloxyethyl Dimethicone, Squalane, Persea Gratissima (Avocado) Oil, Palmitoyl Tripeptide-38, Hydrolyzed Vegetable Protein, Vaccinium Angustifolium (Blueberry) Fruit Extract, Sodium Hyaluronate Crosspolymer, Portulaca Pilosa Extract, Hydrolyzed Hyaluronic Acid, Swertia Chirata Extract, Cetearyl Ethylhexanoate, Disteardimonium Hectorite, PEG/PPG-18/18 Dimethicone, 1,2-Hexanediol, Tridecane, Propylene Carbonate, Lecithin, Tocopheryl Acetate, Polyglyceryl-4 Diisostearate/Polyhydroxystearate/Sebacate, Sodium Citrate, Sodium Isostearate, Caprylhydroxamic Acid, Sorbitan Isostearate, Trisodium Ethylenediamine Disuccinate, Ethylhexylglycerin, Phenoxyethanol, Potassium Sorbate, Sodium Benzoate, Sucrose Cocoate, Helianthus Annuus (Sunflower) Seed Oil, Tocopherol",https://static-assets.glossier.com/production/spree/images/attachments/000/003/860/portrait_normal/01_ShopGrid.jpg?1557425633,22 mL / 0.74 fl oz,
Glossier,Original Balm Dotcom,Lip Product,Hydration,https://www.glossier.com/products/balm-dotcom,12,"A hydrating lip balm packed with antioxidants and natural emollients to nourish dry, chafed skin","Apply a small amount of Balm Dotcom directly to any part of the body that needs extra moisture (elbows, cuticles, etc.)","Petrolatum, Ricinus Communis (Castor) Seed Oil, Beeswax/Cera Alba/Cire d’Abeille, Lanolin, Theobroma Grandiflorum Seed Butter, Oryza Sativa (Rice) Bran Extract, Helianthus Annuus (Sunflower) Extract, Rosmarinus Officinalis (Rosemary) Leaf Extract, BHT, Tocopheryl Acetate, Tocopherol",https://static-assets.glossier.com/production/spree/images/attachments/000/003/543/portrait_normal/1-Original_01.jpg?1552873634,15 mL / 0.5 fl oz,
Glossier,Milky Jelly Cleanser,Cleanser,Cleansing,https://www.glossier.com/products/milky-jelly-cleanser,18,A gentle-yet-effective creamy gel face wash for all skin types,"Use it on dry skin to remove dirt and makeup, or on wet skin for a refresh","Water/Aqua/Eau, Rosa Damascena Flower Water, PEG-7 Glyceryl Cocoate, Propanediol, Isohexadecane, Poloxamer 184, Acrylamide/Sodium Acryloyldimethyltaurate Copolymer, Xylitylglucoside, Betaine, Allantoin, Glycerin, Panthenol, Symphytum Officinale Root Extract, Sodium Hyaluronate, Anhydroxylitol, Polysorbate 80, Xylitol, Ammonium Polyacryloyldimethyl Taurate, Isopropyl Myristate, Benzoic Acid, Ethylhexylglycerin, Sodium Hydroxide",https://static-assets.glossier.com/production/spree/images/attachments/000/004/895/portrait_normal/MilkyJelly_Carousel_1.jpg?1580942519,177 mL / 6 fl oz,
Glossier,Solution,Acid,"Acne, Brightening, Exfoliation, Redness, Uneven Skin Tone",https://www.glossier.com/products/solution,24,"A gentle way to slough away dead skin to reveal a fresh, smooth complexion","Once a day after cleansing, press a cotton pad on top of the Solution dispenser and pump down to saturate the pad. Sweep pad across the face and neck, gently pressing into the skin while doing so. Allow a moment for Solution to fully absorb into skin.","Salicylic Acid 0.5%, Aqua/Water/Eau, Lactic Acid, Glycolic Acid, Gluconolactone, Propanediol, Aloe Barbadensis Leaf Juice, Ethoxydiglycol, Magnesium Chloride, Sodium Hydroxide, Glycereth-7 Trimethyl Ether, Niacinamide, Betaine, Inositol, Citric Acid, Glycerin, Phytic Acid, Pentylene Glycol, PEG-60 Hydrogenated Castor Oil, Caprylyl Glycol, Ethylhexylglycerin, Parfum/Fragrance, PEG-8, Acetic Acid, Potassium Hydroxide.",https://static-assets.glossier.com/production/spree/images/attachments/000/003/765/portrait_normal/Solution.jpg?1556564148,130 mL / 4.4 fl oz,
Glossier,Invisible Shield,Suncare,Anti-Aging,https://www.glossier.com/products/invisible-shield,25,A lightweight SPF 35 water-gel formula that feels like a serum and protects against sunburn,"After your last skincare step and before applying anything else, pump out the Invisible Shield and apply over your entire face. For optimal protection, apply 15 minutes before sun exposure and reapply at least every two hours afterwards.","Avobenzone 3%, 
Homosalate 6%,
 Octisalate 5%, Water, Butyloctyl Salicylate, Dipropylene Glycol, Methyl Trimethicone, Biosaccharide Gum-4, Caprylyl Methicone, Propanediol, Bis-Ethylhexyl Hydroxydimethoxy Benzylmalonate, Betaine, Acrylates Copolymer, Ammonium AcryloyldimethyltaurateNP Copolymer, Hydroxyacetophenone, Phenoxyethanol, Hydrolyzed Wheat Protein/PVP Crosspolymer, Dibutyl Lauroyl Glutamide, Dibutyl Ethylhexanoyl Glutamide, Citrus Aurantium Dulcis (Orange) Peel Oil, Dipotassium Glycyrrhizate, Carbomer, Tocopheryl Acetate, Aminomethyl Propanol, Butylene Glycol, Hippophae Rhamnoides Fruit Extract Disodium EDTA, Pentylene Glycol, Aloe Barbadensis Leaf Extract, Silica, Bioflavonoids, Potassium Sorbate, Hydroxyphenyl Propamidobenzoic Acid, Brassica Oleracea Italica (Broccoli) Extract, Ethylhexylglycerin, Camellia Sinensis Leaf Extract, Ascorbyl Palmitate",https://static-assets.glossier.com/production/spree/images/attachments/000/003/754/portrait_normal/InvisibleShield.jpg?1556563183,30 mL / 1 fl oz,
Glossier,Priming Moisturizer Rich,Moisturizer,"Hydration, Redness",https://www.glossier.com/products/priming-moisturizer-rich,35,"A rich, deeply moisturizing yet fast-absorbing face cream for day or night","Massage Priming Moisturizer Rich into your face using upward and outward strokes.
Repeat as needed. Can be used under makeup, as a night cream before bed, or to combat seasonally dry skin.","Aqua/Water/Eau, Neopentyl Glycol Diheptanoate, Propanediol, Glycerin, Caprylic/Capric Triglyceride, Cetyl Alcohol, Stearyl Alcohol, Tridecyl Neopentanoate, Squalane, Dimethicone, Cocoglycerides, Cetyl Palmitate, Glyceryl Stearate, Butyrospermum Parkii (Shea) Butter, Aleurites Moluccanus Seed Oil, Ceramide NP, Ceramide AP, Sodium Hyaluronate, Panthenol, Astrocaryum Murumuru Seed Butter, Mel/Honey Extract/Extrait de Miel, Pyrus Malus (Apple) Fruit Extract, Tropaeolum Majus Flower/Leaf/Stem Extract, Boswellia Serrata Extract, Camellia Sinensis Leaf Extract, Sodium Benzoate, Lavandula Angustifolia (Lavender) Oil, Chondrus Crispus Extract, Ethylhexylglycerin, PEG-40 Stearate, Phenoxyethanol, Sodium Acrylate/Sodium Acryloyldimethyl Taurate Copolymer, Butylene Glycol, Polyisobutene, Tocopheryl Acetate, Ceteareth-20, Caprylyl Glycol, Xanthan Gum, Trisodium Ethylenediamine Disuccinate, Hexylene Glycol, Caprylyl/Capryl Glucoside, Aspalathus Linearis Extract, Tetrapeptide-14, Linalool",https://static-assets.glossier.com/production/spree/images/attachments/000/003/762/portrait_normal/PMR.jpg?1556563916,50 mL / 1.7 fl oz,
Glossier,Priming Moisturizer,Moisturizer,"Hydration, Redness",https://www.glossier.com/products/priming-moisturizer,22,"A moisturizer that instantly brings out the best in your skin, making it fresh and glowing","After cleansing, massage Priming Moisturizer into your face by using gentle upward and outward strokes.","Aqua/Water/Eau, Tridecyl Stearate, Neopentyl Glycol Dicaprylate/Dicaprate, Stearic Acid, Propanediol, Tridecyl Trimellitate, Palmitic Acid, Glyceryl Stearate SE, Tropaeolum Majus Flower/Leaf/Stem Extract, Phenyl Trimethicone Lonicera Japonica (Honeysuckle) Flower Extract, Lonicera Caprifolium (Honeysuckle) Flower Extract, Butyrospermum Parkii (Shea) Butter, Aloe Barbadensis Leaf Juice, Tremella Fuciformis Sporocarp Extract, Beeswax/Cera Alba/Cire d'Abeille, Mel/Honey Extract/Extrait de Miel, Boswellia Serrata Extract, Phospholipids, Camellia Sinensis Leaf Extract, Aspalathus Linearis Leaf Extract, Tetrapeptide-14, Tocopheryl Acetate, Retinyl Palmitate, Ascorbyl Palmitate, Hyaluronic Acid, Glycerin, Polyacrylamide, Trisodium Ethylenediamine Disuccinate, Butylene Glycol, C13-14 Isoparaffin, Citric Acid, Cetyl Palmitate, Betaine, Potassium Sorbate, Ceteareth-20, Laureth-7, Phenoxyethanol, Sodium Benzoate",https://static-assets.glossier.com/production/spree/images/attachments/000/003/763/portrait_normal/PrimingMoisturizer.jpg?1556563971,50 mL / 1.7 fl oz,
Glossier,Milky Oil,Cleanser,Cleansing,https://www.glossier.com/products/milky-oil,12,"A gentle makeup remover that melts off and lifts away long-wearing and waterproof formulas, without rubbing or tugging the skin","Before use, shake Milky Oil well. Then, squeeze product onto facial cotton or cotton swab until pad is fully absorbed.
Press the saturated cotton pad or swab against eyes, lips, or anywhere else on the face where you've applied waterproof makeup. Gently wipe makeup and grime away.","Aqua/Water/Eau, Isohexadecane, PEG-40 Hydrogenated Castor Oil, Panthenol, Glycerin, PPG-26-Buteth-26, Symphytum Officinale Root Extract, Sodium Benzoate, Disodium EDTA, Citric Acid, Sodium Chloride",https://static-assets.glossier.com/production/spree/images/attachments/000/002/970/portrait_normal/01_ShopGrid.jpg?1550003446,100 mL / 3.4 fl oz,
Glossier,Super Bounce,Serum,Hydration,https://www.glossier.com/products/super-bounce,28,A daily serum for mega hydration on all levels,"After cleansing and any toner-type steps, use the Super Bounce dropper to apply 3–4 drops of serum into hands and gently press onto skin.","Aqua/Water/Eau, Biosaccharide Gum-2, Ethylhexyl Palmitate, Glycerin, Caprylic/Capric Triglyceride, Propanediol, Sodium Hyaluronate, Panthenol, Methyl Glucose Sesquistearate, Hexylene Glycol, Xanthan Gum, Acrylates/C10-30 Alkyl Acrylate Crosspolymer, Disodium EDTA, Caprylyl Glycol, Chlorphenesin, Sodium Hydroxide",https://static-assets.glossier.com/production/spree/images/attachments/000/003/768/portrait_normal/super_bounce_reform_hand.jpg?1557759614,30 mL / 1 fl oz,
Glossier,Super Glow,Serum,"Brightening, Uneven Skin Tone",https://www.glossier.com/products/super-glow,28,"A daily serum that gives your skin that lit-from-within look, all the time","After cleansing and any toner-type steps, use the Super Glow dropper to apply 3–4 drops of serum into hands and gently press onto skin.","Aqua/Water/Eau, Magnesium Ascorbyl Phosphate, Propanediol, Dimethicone, Glyceryl Stearate SE, Polyglyceryl-10 Oleate, Caprylic/Capric Triglyceride, Cetyl Alcohol, Glycerin, Magnesium PCA, Simmondsia Chinensis (Jojoba) Seed Oil, Butyrospermum Parkii (Shea) Butter, Helianthus Annuus (Sunflower) Seed Oil, Evodia Rutaecarpa Fruit Extract, Melia Azadirachta Flower Extract, Melia Azadirachta Leaf Extract, Corallina Officinalis Extract, Coccinia Indica Fruit Extract, 1,2-Hexanediol, Sodium Stearoyl Lactylate, Betaine, Sodium Citrate, Xanthan Gum, Caprylhydroxamic Acid",https://static-assets.glossier.com/production/spree/images/attachments/000/003/769/portrait_normal/super_glow_reform_hand.jpg?1557759533,30 mL / 1 fl oz,
Glossier,Zit Stick,Acid,Acne,https://www.glossier.com/products/zit-stick,14,A portable pen that clears zits at high speed with a quick-drying formula you can reapply up to 3 times a day,"Click the pen 3–6 times maximum and glide rollerball directly onto zit, limiting to a small surface area. The formula should look translucent, not opaque.
Apply 1–3 times per day until your breakout has cleared up.","Benzoyl Peroxide 5.0%, Aqua/Water/Eau, Dimethyl Isosorbide, Glycerin, Acrylamide/Sodium Acryloyldimethyltaurate Copolymer, Propanediol, Niacinamide, Capryloyl Salicylic Acid, Butylene Glycol, Melaleuca Alternifolia Leaf Oil, Cucumis Sativus (Cucumber) Fruit Extract, Isohexadecane, Saccharide Isomerate, Xanthan Gum, Polysorbate 80, Polyglyceryl-2 Isostearate, Hydroxyacetophenone, 1,2-Hexanediol, Caprylyl Glycol, Sodium Citrate, Citric Acid, Ethylhexylglycerin, Disodium EDTA, Diethylhexyl Sodium Sulfosuccinate, Carbomer, Sodium Hydroxide, Dimethicone, Sorbitan Stearate, PEG-40 Stearate, Phenoxyethanol, Silica, Tocopherol",https://static-assets.glossier.com/production/spree/images/attachments/000/002/197/portrait_normal/ZitStick_US_01.jpg?1555443208,3.5 mL // 0.12 fl oz,
Glossier,Moisturizing Moon Mask,Mask,"Brightening, Hydration",https://www.glossier.com/products/moisturizing-moon-mask,22,"A creamy, dreamy, works-on-all-skin-types mask for deep hydration","Smooth a thick layer of the mask onto freshly cleansed skin avoiding the eye area. Relax for 20 minutes. Rinse thoroughly with lukewarm water, then pat skin dry.","Aqua/Water/Eau, Dimethicone, Prunus Amygdalus Dulcis (Sweet Almond) Oil, Glycerin, Polysorbate 20, Urea, Butylene Glycol, Butyrospermum Parkii (Shea) Butter, Glycine Soja (Soybean) Oil, Cetyl Alcohol, Cyclopentasiloxane, Hydroxyethyl Acrylate/Sodium Acryloyldimethyl Taurate Copolymer, Dimethicone/Vinyl Dimethicone Crosspolymer, Phenoxyethanol, Squalane, Tropaeolum Majus Flower/Leaf/Stem Extract, Cyclohexasiloxane, Mel/Honey/Miel, Tocopheryl Acetate, Acrylates/C10-30 Alkyl Acrylate Crosspolymer, Benzophenone-4, Glyceryl Stearate, PEG-100 Stearate, Betaine, Polysorbate 60, Aloe Barbadensis Leaf Juice, Disodium EDTA, Ethylhexylglycerin, Sodium Hydroxide, Glycyrrhiza Glabra (Licorice) Root Extract, Tremella Fuciformis Sporocarp Extract, Beta-Glucan, 1,2-Hexanediol, Caprylyl Glycol, Citrus Limon (Lemon) Fruit Extract, Hyaluronic Acid",https://static-assets.glossier.com/production/spree/images/attachments/000/000/129/portrait_normal/Glossier-Moisturizing-Moon-Mask-2.jpg?1464971219,3 fl oz,
Glossier,Mega Greens Galaxy Pack,Mask,"Acne, Oiliness",https://www.glossier.com/products/mega-greens-galaxy-pack,22,A deeply cleansing and detoxifying mask to help manage excess oil,"Apply a thick layer of the mask onto freshly cleansed skin, avoiding the eye area and chill out for 20 mins.
Rinse off the mask thoroughly with lukewarm water then pat skin dry.","Water/Aqua/Eau, Kaolin, Glycerin, Magnesium Aluminum Silicate, Cetearyl Alcohol, Persea Gratissima (Avocado) Oil, Caprylic/Capric Triglyceride, Polysorbate 60, Phenoxyethanol, Oryza Sativa (Rice) Bran Extract, Xanthan Gum, Citrus Aurantium Amara (Bitter Orange) Peel Powder, Citric Acid, Helianthus Annuus (Sunflower) Extract, Ethylhexylglycerin, Trisodium Ethylenediamine Disuccinate, Potassium Sorbate, Linum Usitatissimum (Linseed) Seed Oil, Aloe Barbadensis Leaf Juice, Tocopherol, Rosmarinus Officinalis (Rosemary) Leaf Extract, Lecithin, Vaccinium Myrtillus Fruit Extract, Punica Granatum (Pomegranate) Fruit Extract, Morinda Citrifolia Fruit Extract, Lycium Barbarum Fruit Extract, Garcinia Mangostana Fruit Extract, Euterpe Oleracea Fruit Extract, Aronia Arbutifolia Fruit Extract, Aristotelia Chilensis Fruit Extract, Lepidium Sativum Sprout Extract, Propanediol, Chlorphenesin, Sorbic Acid, Benzoic Acid, Spinacia Oleracea (Spinach) Leaf Extract, Petroselinum Crispum (Parsley) Leaf Extract, Chlorophyllin-Copper Complex (CI 75810)",https://static-assets.glossier.com/production/spree/images/attachments/000/000/116/portrait_normal/Glossier-Mega-Greens-Galaxy-Pack-2.jpg?1464971153,3 fl oz,
Glossier,Soothing Face Mist,Face Spray,Hydration,https://www.glossier.com/products/soothing-face-mist,15,A hydrating face spray that soothes stressed skin (and stressed humans),"Start by closing your eyes and gently misting all over your face.
Repeat as desired throughout the day whenever you need a refresh.","Aqua/Water/Eau, Rosa Centifolia Flower Water, Propanediol, 1,2-Hexanediol, Glycerin, Pyrus Malus (Apple) Fruit Extract, Lonicera Japonica (Honeysuckle) Flower Extract, Caprylhydroxamic Acid, Disodium EDTA, Aloe Barbadensis Leaf Juice, Lonicera Caprifolium (Honeysuckle) Flower Extract, Sodium Citrate, Citric Acid, Potassium Sorbate, Sodium Benzoate",https://static-assets.glossier.com/production/spree/images/attachments/000/003/766/portrait_normal/SoothingFaceMist.jpg?1556564209,95 mL / 3.2 fl oz,
Glossier,Super Pure,Serum,"Acne, Redness, Scarring, Uneven Skin Tone",https://www.glossier.com/products/super-pure,28,"Our face serum rich in niacinamide (aka vitamin B3) and zinc that targets troubled, blemish-prone skin and uneven texture.","After cleansing and any toner-type steps, use the Super Pure dropper to apply 3–4 drops of serum into hands and gently press onto skin.","Aqua/Water/Eau, Niacinamide, Glycerin, Propanediol, Zinc PCA, Lonicera Japonica (Honeysuckle) Flower Extract, Lonicera Caprifolium (Honeysuckle) Extract, Citric Acid, Allantoin, Hydroxyethylcellulose",https://static-assets.glossier.com/production/spree/images/attachments/000/003/770/portrait_normal/super_pure_reform_hand.jpg?1557759584,30 mL / 1 fl oz,
The Ordinary,EUK 134 0.1%,Serum,"Anti-Aging, Redness",https://theordinary.deciem.com/product/rdn-euk-134-01pct-30ml?redir=1,8.8,A formula that has been shown to reduce visible redness and protect against appearance of UV damage.,"Apply alone or after water-based serums, before oils or heavier creams. Do not use with other retinoid treatments. Avoid unprotected solar exposure.","Propanediol, Ethylbisiminomethylguaiacol manganese chloride",https://www.sephora.com/productimages/product/p442833-av-01-zoom.jpg?imwidth=1166,30 mL / 1 fl oz,
The Ordinary,Pycnogenol 5%,Serum,"Anti-Aging, Hydration, Oiliness",https://theordinary.deciem.com/product/rdn-pycnogenol-5pct-15ml?redir=1,9.4,A serum that works to nurture the skin with the aim of enhancing hydration and improving the appearance of skin’s elasticity.,"Apply alone or after water-based serums, before oils or heavier creams.","Propanediol, Pinus Pinaster Bark Extract",https://www.sephora.com/productimages/product/p455898-av-01-zoom.jpg?imwidth=1166,15 mL / 0.5 fl oz,
The Ordinary,Resveratrol 3% + Ferulic Acid 3%,Acid,Uneven Skin Tone,https://theordinary.deciem.com/product/rdn-resveratrol-3pct-ferulic-acid-3pct-30ml?redir=1,7.9,"A water-free, high-potency antioxidant formula with three percent resveratrol and three percent ferulic acid.","Apply alone or after water-based serums, before oils or heavier creams.","Propanediol, Resveratrol, Ferulic Acid",https://www.sephora.com/productimages/product/p442755-av-01-zoom.jpg?imwidth=1166,30 mL / 1 fl oz,
The Ordinary,Squalane Cleanser,Cleanser,Cleansing,https://theordinary.deciem.com/product/rdn-squalane-cleanser-50ml?redir=1,7.9,"A gentle, moisturizing facial cleanser.","Dispense product into hands. Rub hands together to warm the product, allowing it to melt into an oil. Massage well onto dry face and rinse with warm water.","Squalane, Water, Coco-Caprylate/Caprate, Glycerin, Sucrose Stearate, Ethyl Macadamiate, Caprylic/Capric Triglyceride, Sucrose Laurate, Hydrogenated Starch Hydrolysate, Sucrose Dilaurate, Sucrose Trilaurate, Polyacrylate Crosspolymer-6, Isoceteth-20, Sodium Polyacrylate, Tocopherol, Hydroxymethoxyphenyl Decanone, Trisodium Ethylenediamine Disuccinate, Malic Acid, Ethylhexylglycerin, Chlorphenesin",https://theordinary.deciem.com/images/products/rdn-squalane-cleanser-50ml.png?ver=17,50 mL / 1.7 fl oz,
The Ordinary,AHA 30% + BHA 2% Peeling Solution,Acid,"Acne, Exfoliation, Scarring, Uneven Skin Tone",https://theordinary.deciem.com/product/rdn-aha-30pct-bha-2pct-peeling-solution-30ml?redir=1,7.2,An exfoliating solution to help fight visible blemishes and improve the look of skin texture and radiance.,"Clean face and wait for skin to dry. Do not use on wet skin. Apply evenly across face and neck using fingertips, avoiding the eye area. Leave on for no more than 10 minutes. Rinse thoroughly with lukewarm water. This low-viscosity solution is intended to be used as a masque. Do not leave on for longer than 10 minutes. It is not recommended to use more than twice per week.","Glycolic Acid, Water, Aloe Barbadensis Leaf Water, Sodium Hydroxide, Daucus Carota Sativa Extract, Propanediol, Cocamidopropyl Dimethylamine, Salicylic Acid, Potassium Citrate, Lactic Acid, Tartaric Acid, Citric Acid, Panthenol, Sodium Hyaluronate Crosspolymer, Tasmannia Lanceolata Fruit/Leaf Extract, Glycerin, Pentylene Glycol, Xanthan gum, Polysorbate 20, Trisodium Ethylenediamine Disuccinate, Potassium Sorbate, Sodium Benzoate, Ethylhexylglycerin, 1,2-Hexanediol, Caprylyl Glycol.",https://www.sephora.com/productimages/product/p442563-av-04-zoom.jpg?imwidth=1166,30 mL / 1 fl oz,
The Ordinary,Azelaic Acid Suspension 10%,Acid,Brightening,https://theordinary.deciem.com/product/rdn-azelaic-acid-suspension-10pct-30ml?redir=1,7.9,The multifunctional formula acts as an effective antioxidant and offers a very high 10 percent concentration of high-purity azelaic acid in a lightweight cream-gel format.,Apply to face AM and/or PM to improve visible brightness and the appearance of skin texture.,"Water, Isodecyl Neopentanoate, Dimethicone, Azelaic Acid, Dimethicone/Bis-Isobutyl PPG-20 Crosspolymer, Dimethyl Isosorbide, Hydroxyethyl Acrylate/Sodium Acryloyldimethyl Taurate Copolymer, Polysilicone-11, Isohexadecane, Tocopherol, Trisodium Ethylenediamine Disuccinate, Isoceteth-20, Polysorbate 60, Triethanolamine, Ethoxydiglycol, Phenoxyethanol, Chlorphenesin",https://theordinary.deciem.com/images/products/rdn-azelaic-acid-suspension-10pct-30ml.png?ver=17,30 mL / 1 fl oz,
The Ordinary,Glycolic Acid 7% Toning Solution,Toner,"Acne, Brightening, Exfoliation, Scarring, Uneven Skin Tone",https://theordinary.deciem.com/product/rdn-glycolic-acid-7pct-toning-solution-240ml?redir=1,8.7,"An exfoliating toning solution with seven percent glycolic acid, amino acids, aloe vera, ginseng, and tasmanian pepperberry.","Use ideally in the PM, no more frequently than once per day. After cleaning, saturate a cotton pad with the formula and sweep across face and neck","Water, Glycolic Acid, Rosa damascena flower water, Centaurea cyanus flower water, Aloe Barbadensis Leaf Water, Propanediol, Glycerin, Triethanolamine, Aminomethyl Propanol, Panax Ginseng Root Extract, Tasmannia Lanceolata Fruit/Leaf Extract, Aspartic Acid, Alanine, Glycine, Serine, Valine, Isoleucine, Proline, Threonine, Histidine, Phenylalanine, Glutamic Acid, Arginine, PCA, Sodium PCA, Sodium Lactate, Fructose, Glucose, Sucrose, Urea, Hexyl Nicotinate, Dextrin, Citric Acid, Polysorbate 20, Gellan Gum, Trisodium Ethylenediamine Disuccinate, Sodium Chloride, Hexylene Glycol, Potassium Sorbate, Sodium Benzoate, 1,2-Hexanediol, Caprylyl Glycol.",https://theordinary.deciem.com/images/products/rdn-glycolic-acid-7pct-toning-solution-240ml.png?ver=17,240 mL / 8 fl oz,
The Ordinary,Lactic Acid 10% + HA,Acid,"Anti-Aging, Brightening, Redness, Scarring, Uneven Skin Tone",https://theordinary.deciem.com/product/rdn-lactic-acid-10pct-ha-2pct-30ml?redir=1,6.8,"A high-strength lactic acid peeling formula for smoother, healthier-looking skin.","Apply once per day, ideally in the PM. Can be diluted with other treatments to reduce strength until skin develops tolerance.","Aqua (Water), Lactic Acid, Glycerin, Pentylene Glycol, Propanediol, Sodium Hydroxide, Sodium Hyaluronate Crosspolymer, Tasmannia Lanceolata Fruit/Leaf Extract, Acacia Senegal Gum, Xanthan Gum, Isoceteth-20, Trisodium Ethylenediamine Disuccinate, Ethylhexylglycerin, 1,2-Hexanediol, Caprylyl Glycol",https://www.sephora.com/productimages/product/p427413-av-01-zoom.jpg?imwidth=1166,30 mL / 1 fl oz,
The Ordinary,Lactic Acid 5% + HA,Acid,"Anti-Aging, Brightening, Exfoliation, Scarring, Uneven Skin Tone",https://theordinary.deciem.com/product/rdn-lactic-acid-5pct-ha-2pct-30ml?redir=1,6.5,This 5% formulation offers very mild exfoliation and is supported with a purified Tasmanian pepperberry known to reduce signs of inflammation and sensitivity that is often associated with exfoliation.,"Apply once per day, ideally in the PM. Can be diluted with other treatments to reduce strength until skin develops tolerance.","Aqua (Water), Lactic Acid, Glycerin, Pentylene Glycol, Propanediol, Sodium Hyaluronate Crosspolymer, Tasmannia Lanceolata Fruit/Leaf Extract, Acacia Senegal Gum, Xanthan Gum, Isoceteth-20, Trisodium Ethylenediamine Disuccinate, Sodium Hydroxide, Ethylhexylglycerin, 1,2-Hexanediol, Caprylyl Glycol",https://theordinary.deciem.com/images/products/rdn-lactic-acid-5pct-ha-2pct-30ml.png?ver=17,30 mL / 1 oz,
The Ordinary,Mandelic Acid 10% + HA,Acid,"Acne, Anti-Aging, Exfoliation, Scarring, Uneven Skin Tone",https://theordinary.deciem.com/product/rdn-mandelic-acid-10pct-ha-30ml?redir=1,6.8,Offers superficial dermal peeling that is gentler than other alpha hydroxy acids.,"Apply once per day, ideally in the PM. Can be diluted with other treatments to reduce strength until skin develops tolerance.","Propanediol, Aqua (Water), Mandelic Acid, Glycerin, Dimethyl Isosorbide, Sodium Hyaluronate Crosspolymer, Tasmannia Lanceolata Fruit/Leaf Extract, Pentylene Glycol, Polysorbate 20, Sodium Hydroxide, Ethylhexylglycerin, 1,2-Hexanediol, Caprylyl Glycol",https://theordinary.deciem.com/images/products/rdn-mandelic-acid-10pct-ha-30ml.png?ver=17,30 mL / 1 fl oz,
The Ordinary,Salicylic Acid 2% Masque,Acid,"Acne, Brightening, Exfoliation, Uneven Skin Tone",https://theordinary.deciem.com/product/rdn-salicylic-acid-2pct-masque-50ml?redir=1,12,A mask formulated to target lackluster tone and textural irregularities.,"Use once or twice a week on thoroughly clean, dry skin. Do not use on wet skin. Apply evenly across face using fingertips, avoiding the eye area. Leave on for no more than 10 minutes. Rinse thoroughly with lukewarm water.","Aqua (Water), Kaolin, Squalane, Glycerin, Dimethyl Isosorbide, Silica Cetyl Silylate, Salicylic Acid, Sodium Polyacrylate, Pentylene Glycol, Charcoal Powder, 4-t-Butylcyclohexanol, Sclerotium Gum, Acacia Senegal Gum, Xanthan Gum, Phytic Acid, Polysorbate 20, Trisodium Ethylenediamine Disuccinate, Chlorphenesin, Phenoxyethanol",https://www.sephora.com/productimages/product/p448530-av-02-zoom.jpg?imwidth=1166,50 mL / 1.7 fl oz,
The Ordinary,Salicylic Acid 2% Solution,Acid,Acne,https://theordinary.deciem.com/product/rdn-salicylic-acid-2pct-solution-30ml?redir=1,5.3,This 2% treatment solution helps exfoliate the inside walls of pores to fight the appearance of blemishes and for better visible skin clarity with continued use.,Use in the AM and PM. Apply a small dot directly on spots for visible improvement or apply a small amount over the face to maintain visible clarity with continued use.,"Aqua (Water), Hamamelis Virginiana Leaf Water, Cocamidopropyl Dimethylamine, Salicylic Acid, Dimethyl Isosorbide, Trisodium Ethylenediamine Disuccinate, Citric Acid, Polysorbate 20, Hydroxyethylcellulose, Ethoxydiglycol, Potassium Sorbate, Sodium Benzoate, 1,2-hexanediol, Caprylyl Glycol",https://theordinary.deciem.com/images/products/rdn-salicylic-acid-2pct-solution-30ml.png?ver=17,30 mL / 1 fl oz,
The Ordinary,"""B"" Oil",Oil,"Anti-Aging, Brightening, Hydration",https://theordinary.deciem.com/product/rdn-b-oil-30ml?redir=1,9.2,"A nourishing formula that contains a blend of oils to fight dehydration and signs of aging, while providing antioxidant and healthy skin support.",Apply a few drops daily or as needed to entire face ideally after water-based treatments.,"Caprylic/Capric Triglyceride, Squalane, Crambe Abyssinica Seed Oil, Bisabolol, Simmondsia Chinensis Seed Oil, Ethylhexyl Stearate, Isochrysis Galbana Extract, Adansonia Digitata Seed Oil, Argania Spinosa Kernel Oil, Borago Officinalis Seed Oil, Rosa Canina Seed Oil, Sclerocarya Birrea Seed Oil, Oenocarpus Bataua Fruit Oil, Plukenetia Volubilis Seed Oil, Bertholletia Excelsa Seed Oil, Solanum Lycopersicum (Tomato) Fruit Extract, Hydroxymethoxyphenyl Decanone, Rosmarinus Officinalis (Rosemary) Leaf Extract, Tocopherol",https://theordinary.deciem.com/images/social/2018-06-29-rdn-b-oil-30ml.jpg?ver=1,30 mL / 1 fl oz,
The Ordinary,100% Cold-Pressed Virgin Marula Oil,Oil,"Brightening, Hydration",https://theordinary.deciem.com/product/rdn-100pct-cold-pressed-virgin-marula-oil-30ml?redir=1,9.9,"Marula oil offers antioxidants, hydrates the skin and is claimed to help restore a radiant tone.",Apply a few drops to the entire face once daily or as needed.,Sclerocarya Birrea Seed Oil,https://theordinary.deciem.com/images/social/2017-08-21-rdn-100pct-cold-pressed-virgin-marula-oil-30ml.jpg?ver=1,30 mL / 1 fl oz,
The Ordinary,100% Organic Cold-Pressed Borage Seed Oil,Oil,"Hydration, Redness",https://theordinary.deciem.com/product/rdn-100pct-organic-cold-pressed-borage-seed-oil-30ml?redir=1,4.2,"Borage Seed Oil offers a calming effect, helps maintain healthy skin and is suited particularly well for the dry and/or irritated skin conditions.",Apply a few drops daily or as needed to entire face ideally after water-based treatments.,Borago Officinalis Seed Oil,https://theordinary.deciem.com/images/products/rdn-100pct-organic-cold-pressed-borage-seed-oil-30ml.png?ver=17,30 mL / 1 fl oz,
The Ordinary,100% Organic Cold-Pressed Moroccan Argan Oil,Oil,Hydration,https://theordinary.deciem.com/product/rdn-100pct-organic-cold-pressed-moroccan-argan-oil-30ml?redir=1,6.8,A daily support formula for hair and skin.,Apply a few drops to the entire face once daily or as needed.,Argania Spinosa Kernel Oil,https://www.sephora.com/productimages/product/p447596-av-01-zoom.jpg?imwidth=1166,30 mL / 1 fl oz,
The Ordinary,"100% Organic Cold-Pressed
Rose Hip Seed Oil",Oil,Anti-Aging,https://theordinary.deciem.com/product/rdn-100pct-organic-cold-pressed-rose-hip-seed-oil-30ml?redir=1,9.8,"This formulation uses 100 percent pure rosehip seed oil— rich in linoleic acid, linolenic acid, and pro-vitamin A—that is both cold-pressed and organic. This oil has been shown to reduce signs of photo-aging and many other skin conditions.","Apply once a day to the face, ideally at bedtime after application of water-based treatments.",Rosa Canina Seed Oil,https://theordinary.deciem.com/images/products/rdn-100pct-organic-cold-pressed-rose-hip-seed-oil-30ml.png?ver=17,30 mL / 1 fl oz,
The Ordinary,100% Organic Virgin Sea-Buckthorn Fruit Oil,Oil,Brightening,https://theordinary.deciem.com/product/rdn-100pct-organic-virgin-sea-buckthorn-fruit-oil-30ml?redir=1,14.9,"This formulation contains 100% pure Sea-Buckthorn Fruit oil that is sustainably-sourced, organic, unrefined and virgin in origin. It helps to protect the skin from free radical damage and to maintain the skin’s normal barrier function.","Mix a few drops with other treatments in the palm of your hand and apply to the face, ideally at bedtime after application of water-based treatments.",Hippophae Rhamnoides Fruit Oil,https://theordinary.deciem.com/images/products/rdn-100pct-organic-virgin-sea-buckthorn-fruit-oil-30ml.png?ver=17,30 mL / 1 fl oz,
The Ordinary,100% Plant-Derived Hemi-Squalane,Oil,"Anti-Aging, Hydration",https://theordinary.deciem.com/product/rdn-100pct-plant-derived-hemi-squalane-30ml?redir=1,3.95,Squalane and Hemi-Squalane are both excellent non-comedogenic emollients that can help to reduce the ongoing loss of hydration that weakens dermal elasticity and suppleness.,Apply a few drops to the entire face once daily or as needed.,C13-16 Isoparaffin,https://theordinary.deciem.com/images/products/rdn-100pct-plant-derived-hemi-squalane-30ml.png?ver=17,30 mL / 1 fl oz,
The Ordinary,100% Plant-Derived Squalane,Oil,"Anti-Aging, Hydration",https://theordinary.deciem.com/product/rdn-100pct-plant-derived-squalane-30ml?redir=1,7.9,"Squalane is a saturated and stable hydrocarbon that is found naturally in the skin. It has very high emollience, is an exceptional hydrator and can prevent ongoing loss of hydration that impairs dermal suppleness.",Apply a few drops daily or as needed to entire face ideally after water-based treatments.,Squalane,https://theordinary.deciem.com/images/products/rdn-100pct-plant-derived-squalane-30ml.png?ver=17,30 mL / 1 fl oz,
The Ordinary,Amino Acids + B5,Oil,"Anti-Aging, Hydration",https://theordinary.deciem.com/product/rdn-amino-acids-b5-30ml?redir=1,6.8,"A lightweight, concentrated hydration support formula with 17 percent amino acids (including amino acid derivatives) and five percent vitamin B5.","Apply a few drops to face in the AM and PM before creams. A tingling sensation can be expected after application. If the sensation is too strong to tolerate, the formula can be mixed with other creams or serums of your preference before each application to reduce the strength.","Aqua (Water), Propanediol, Betaine, Sodium PCA, Panthenol, Sodium Lactate, Arginine, PCA, Aspartic Acid, Glycine, Alanine, Serine, Threonine, Valine, Proline, Isoleucine, Lysine HCl, Histidine, Phenylalanine, Glutamic Acid, Citric Acid, Dimethyl Isosorbide, Polysorbate 20, Trisodium Ethylenediamine Disuccinate, 1,2-Hexanediol, Caprylyl Glycol",https://theordinary.deciem.com/images/social/2018-07-16-rdn-amino-acids-b5-30ml.jpg?ver=1,30 mL / 1 fl oz,
The Ordinary,Hyaluronic Acid 2% + B5,Serum,Hydration,https://theordinary.deciem.com/product/rdn-hyaluronic-acid-2pct-b5-30ml?redir=1,6.8,"A hydrating formula with ultra-pure, vegan hyaluronic acid.",Apply a few drops to face AM and PM before creams.,"Aqua (Water), Sodium Hyaluronate, Pentylene Glycol, Propanediol, Sodium Hyaluronate Crosspolymer, Panthenol, Ahnfeltia Concinna Extract, Glycerin, Trisodium Ethylenediamine Disuccinate, Citric Acid, Isoceteth-20, Ethoxydiglycol, Ethylhexylglycerin, Hexylene Glycol, 1,2-Hexanediol, Phenoxyethanol, Caprylyl Glycol",https://theordinary.deciem.com/images/products/rdn-hyaluronic-acid-2pct-b5-30ml.png?ver=17,30 mL / 1 fl oz,
The Ordinary,Marine Hyaluronics,Serum,Hydration,https://theordinary.deciem.com/product/rdn-marine-hyaluronics-30ml?redir=1,6.8,A serum that brings together lightweight marine-derived water reservoirs that attract and hold water like hyaluronic acid.,Apply a few drops to face AM and PM before creams.,"Aqua (Water), Glycerin, Algae Extract, Pseudoalteromonas Exopolysaccharides, Pseudoalteromonas Ferment Extract, Ahnfeltia Concinna Extract, Arginine, Glycine, Alanine, Serine, Valine, Isoleucine, Proline, Threonine, Histidine, Phenylalanine, Aspartic Acid, PCA, Sodium PCA, Sodium Lactate, Salicylic Acid, Citric Acid, Propanediol, Dimethyl Isosorbide, Ethoxydiglycol, Polysorbate 20, Potassium Sorbate, Sodium Salicylate, Sodium Benzoate, Hexylene Glycol, 1,2-Hexanediol, Phenoxyethanol, Caprylyl Glycol",https://www.sephora.com/productimages/product/p455899-av-01-zoom.jpg?imwidth=1166,30 mL / 1 fl oz,
The Ordinary,Natural Moisturizing Factors + HA,Moisturizer,Hydration,https://theordinary.deciem.com/product/rdn-natural-moisturizing-factors-ha-30ml?redir=1,5.8,"A hydrating formula with amino acids, dermal lipids, and hyaluronic acid.",Apply after serums as needed for effective surface hydration.,"Aqua (Water), Caprylic/Capric Triglyceride, Cetyl Alcohol, Propanediol, Stearyl Alcohol, Glycerin, Sodium Hyaluronate, Arginine, Aspartic Acid, Glycine, Alanine, Serine, Valine, Isoleucine, Proline, Threonine, Histidine, Phenylalanine, Glucose, Maltose, Fructose, Trehalose, Sodium PCA, PCA, Sodium Lactate, Urea, Allantoin, Linoleic Acid, Oleic Acid, Phytosteryl Canola Glycerides, Palmitic Acid, Stearic Acid, Lecithin, Triolein, Tocopherol, Carbomer, Isoceteth-20, Polysorbate 60, Sodium Chloride, Citric Acid, Trisodium Ethylenediamine Disuccinate, Pentylene Glycol, Triethanolamine, Sodium Hydroxide, Phenoxyethanol, Chlorphenesin",https://theordinary.deciem.com/images/products/rdn-natural-moisturizing-factors-ha-30ml.png?ver=17,30 mL / 1 fl oz,
The Ordinary,Alpha Arbutin 2% + HA,Serum,"Anti-Aging, Uneven Skin Tone",https://theordinary.deciem.com/product/rdn-alpha-arbutin-2pct-ha-30ml?redir=1,8.9,Alpha Arbutin reduces the looks of spots and hyperpigmentation. It's used at a high two percent concentration versus a standard concentration of one percent and supported with a form of hyaluronic acid for enhanced delivery.,Apply a few drops to the entire face in the AM and PM as part of your skincare regimen.,"Water, Alpha-Arbutin, Polyacrylate Crosspolymer-6, Hydrolyzed Sodium Hyaluronate, Propanediol, PPG-26-Buteth-26, PEG-40 Hydrogenated Castor Oil, Lactic Acid, Trisodium Ethylenediamine Disuccinate, Ethoxydiglycol, Phenoxyethanol, Chlorphenesin.",https://www.sephora.com/productimages/product/p427412-av-01-zoom.jpg?imwidth=1166,30 mL / 1 fl oz,
The Ordinary,Caffeine Solution 5% + EGCG,Serum,"Anti-Aging, Brightening, Dark Circles",https://theordinary.deciem.com/product/rdn-caffeine-solution-5pct-egcg-30ml?redir=1,6.7,Reduces Appearance of Eye Contour Pigmentation and of Puffiness,"Massage a small amount onto the eye contour AM and PM. If irritation occurs,","Aqua (Water), Caffeine, Maltodextrin, Glycerin, Propanediol, Epigallocatechin Gallatyl Glucoside, Gallyl Glucoside, Hyaluronic Acid, Oxidized Glutathione, Melanin, Glycine Soja (Soybean) Seed Extract, Urea, Pentylene Glycol, Hydroxyethylcellulose, Polyacrylate Crosspolymer-6, Xanthan gum, Lactic Acid, Dehydroacetic Acid, Trisodium Ethylenediamine Disuccinate, Propyl Gallate, Dimethyl Isosorbide, Benzyl Alcohol, 1,2-Hexanediol, Ethylhexylglycerin, Phenoxyethanol, Caprylyl Glycol",https://theordinary.deciem.com/images/products/rdn-caffeine-solution-5pct-egcg-30ml.png?ver=17,30 mL / 1 fl oz,
The Ordinary,Niacinamide 10% + Zinc 1%,Serum,"Oiliness, Scarring",https://theordinary.deciem.com/product/rdn-niacinamide-10pct-zinc-1pct-30ml?redir=1,5.9,Niacinamide (Vitamin B3) is indicated to reduce the appearance of skin blemishes and congestion,Apply to entire face morning and evening before heavier creams.,"Aqua (Water), Niacinamide, Pentylene Glycol, Zinc PCA, Dimethyl Isosorbide, Tamarindus Indica Seed Gum, Xanthan gum, Isoceteth-20, Ethoxydiglycol, Phenoxyethanol, Chlorphenesin",https://theordinary.deciem.com/images/products/rdn-niacinamide-10pct-zinc-1pct-30ml.png?ver=17,30 mL / 1 fl oz,
The Ordinary,“Buffet”,Serum,"Anti-Aging, Brightening, Hydration, Uneven Skin Tone",https://theordinary.deciem.com/product/rdn-buffet-30ml?redir=1,14.8,"A multi-peptide serum with syn-ake, matrixyl synthe-6, matrixyl 3000, argirelox, hyaluronic acid, amino acids and bio-derivatives to target multiple signs of aging.",Apply a few drops to entire face in the AM and PM after cleaning.,"Water, Glycerin, Lactococcus Ferment Lysate, Acetyl Hexapeptide-8, Pentapeptide-18, Palmitoyl Tripeptide-1, Palmitoyl Tetrapeptide-7, Palmitoyl Tripeptide-38, Dipeptide Diaminobutyroyl Benzylamide Diacetate, Acetylarginyltryptophyl Diphenylglycine, Sodium Hyaluronate Crosspolymer, Sodium Hyaluronate, Allantoin, Glycine, Alanine, Serine, Valine, Isoleucine, Proline, Threonine, Histidine, Phenylalanine, Arginine, Aspartic Acid, Trehalose, Fructose, Glucose, Maltose, Urea, Sodium PCA, PCA, Sodium Lactate, Citric Acid, Hydroxypropyl Cyclodextrin, Sodium Chloride, Sodium Hydroxide, Butylene Glycol, Pentylene Glycol, Acacia Senegal Gum, Xanthan Gum, Carbomer, Polysorbate 20, PPG-26-Buteth-26, PEG-40 Hydrogenated Castor Oil, Trisodium Ethylenediamine Disuccinate, Ethoxydiglycol, Sodium Benzoate, Caprylyl Glycol, Ethylhexylglycerin, Phenoxyethanol, Chlorphenesin",https://theordinary.deciem.com/images/products/rdn-buffet-30ml.png?ver=17,30 mL / 1 fl oz,
The Ordinary,“Buffet” + Copper Peptides 1%,Serum,"Anti-Aging, Hydration",https://theordinary.deciem.com/product/rdn-buffet-copper-peptides-1pct-30ml?redir=1,28.9,A multi-technology peptide serum that targets various visible signs of aging.,Apply to the entire face in the AM and PM after cleaning.,"Water, Glycerin, Lactococcus Ferment Lysate, Copper Tripeptide-1, Acetyl Hexapeptide-8, Pentapeptide-18, Palmitoyl Tripeptide-1, Palmitoyl Tetrapeptide-7, Palmitoyl Tripeptide-38, Dipeptide Diaminobutyroyl Benzylamide Diacetate, Acetylarginyltryptophyl Diphenylglycine, Sodium Hyaluronate Crosspolymer, Sodium Hyaluronate, Allantoin, Glycine, Alanine, Serine, Valine, Isoleucine, Proline, Threonine, Histidine, Phenylalanine, Arginine, Aspartic Acid, Trehalose, Fructose, Glucose, Maltose, Urea, Sodium PCA, PCA, Sodium Lactate, Citric Acid, Hydroxypropyl Cyclodextrin, Sodium Chloride, Sodium Hydroxide, Butylene Glycol, Pentylene Glycol, Acacia Senegal Gum, Xanthan Gum, Carbomer, Polysorbate 20, Dimethyl Isosorbide, Sodium Benzoate, Caprylyl Glycol, Ethylhexylglycerin, Phenoxyethanol, Chlorphenesin",https://www.sephora.com/productimages/product/p442752-av-01-zoom.jpg?imwidth=1166,30 mL / 1 fl oz,
The Ordinary,Argireline Solution 10%,Serum,Anti-Aging,https://theordinary.deciem.com/product/rdn-argireline-solution-10pct-30ml?redir=1,7.9,A serum that target visible signs of aging.,Apply a few drops on the forehead and around the eyes twice daily before heavier treatments.,"Aqua (Water), Propanediol, Acetyl Hexapeptide-8, Trisodium Ethylenediamine Disuccinate, Gellan Gum, Sodium Chloride, Isoceteth-20, Dimethyl Isosorbide, Potassium Sorbate, Phenoxyethanol, Chlorphenesin",https://www.sephora.com/productimages/product/p442753-av-01-zoom.jpg?imwidth=1166,30 mL / 1 fl oz,
The Ordinary,Matrixyl 10% + HA,Serum,Anti-Aging,https://theordinary.deciem.com/product/rdn-matrixyl-10pct-ha-30ml?redir=1,11.5,Matrixyl is a highly-effective peptide composition that has been shown to reduce the look of dynamic wrinkles.,Apply a few drops to face AM and PM.,"Aqua (Water), Glycerin, Butylene Glycol, Palmitoyl Tripeptide-1, Palmitoyl Tetrapeptide-7, Palmitoyl Tripeptide-38, Sodium Hyaluronate, Hydroxypropyl Cyclodextrin, PPG-26-Buteth-26, PEG-40 Hydrogenated Castor Oil, Polyacrylate Crosspolymer-6, Trisodium Ethylenediamine Disuccinate, Carbomer, Polysorbate 20, Ethoxydiglycol, Phenoxyethanol, Chlorphenesin",https://www.sephora.com/productimages/product/p427405-av-01-zoom.jpg?imwidth=1166,30 mL / 1 fl oz,
The Ordinary,Granactive Retinoid 2% Emulsion,Acid,"Anti-Aging, Scarring, Uneven Skin Tone",https://theordinary.deciem.com/product/rdn-advanced-retinoid-2pct-30ml?redir=1,9.8,This product uses next-generation retinoid active technologies which have been shown to achieve better reduction in signs of aging than retinol without irritation.,"Apply a small amount to face in the PM as part of your skincare regimen, after water-based serums but before heavier treatments. Do not use with other retinoid treatments.","Aqua (Water), Glycerin, Caprylic/Capric Triglyceride, Ethyl Linoleate, Propanediol, Dimethyl Isosorbide, Cetearyl Isononanoate, Bisabolol, Hydroxypinacolone Retinoate, Retinol, Tasmannia Lanceolata Fruit/Leaf Extract, Inulin Lauryl Carbamate, Glyceryl Stearate, Ceteareth-12, Ceteareth-20, Cetearyl Alcohol, Carrageenan, Xanthan Gum, Acacia Senegal Gum, Cetyl Palmitate, Sucrose Laurate, Polysorbate 20, Isoceteth-20, Rosmarinus Officinalis (Rosemary) Leaf Extract, Hydroxymethoxyphenyl Decanone, Behentrimonium Chloride, Trisodium Ethylenediamine Disuccinate, Disodium EDTA, Dehydroacetic Acid, Benzoic Acid, Ethylhexylglycerin, Phenoxyethanol, Chlorphenesin",https://theordinary.deciem.com/images/products/rdn-advanced-retinoid-2pct-30ml.png?ver=17,30 mL / 1 fl oz,
The Ordinary,Granactive Retinoid 2% in Squalane,Acid,"Anti-Aging, Scarring, Uneven Skin Tone",https://theordinary.deciem.com/product/rdn-granactive-retinoid-2pct-in-squalane-30ml?redir=1,9.6,This water-free solution contains a 2% concentration of an advanced retinoid active complex called Granactive Retinoid that has been shown to offer better results against multiple signs of aging than retinol without any of the irritation and drawbacks common with retinol.,"Apply a small amount to face in the PM as part of your skincare regimen, after water-based serums but before heavier treatments.","Squalane, C12-15 Alkyl Benzoate, Bisabolol, Caprylic/Capric Triglyceride, Dimethyl Isosorbide, Simmondsia Chinensis (Jojoba) Seed Oil, Hydroxypinacolone Retinoate, Solanum Lycopersicum (Tomato) Fruit Extract, Rosmarinus Officinalis (Rosemary) Leaf Extract, Hydroxymethoxyphenyl Decanone",https://theordinary.deciem.com/images/products/rdn-granactive-retinoid-2pct-in-squalane-30ml.png?ver=17,30 mL / 1 fl oz,
The Ordinary,Granactive Retinoid 5% in Squalane,Acid,"Anti-Aging, Scarring, Uneven Skin Tone",https://theordinary.deciem.com/product/rdn-granactive-retinoid-5pct-in-squalane-30ml?redir=1,13.9,This water-free solution contains a 5% concentration of an advanced retinoid active complex called Granactive Retinoid that has been shown to offer better results against multiple signs of aging than retinol without any of the irritation and drawbacks common with retinol.,"Apply a small amount to face in the PM as part of your skincare regimen, after water-based serums but before heavier treatments.","Squalane, C12-15 Alkyl Benzoate, Bisabolol, Dimethyl Isosorbide, Caprylic/Capric Triglyceride, Simmondsia Chinensis (Jojoba) Seed Oil, Hydroxypinacolone Retinoate, Solanum Lycopersicum (Tomato) Fruit Extract, Rosmarinus Officinalis (Rosemary) Leaf Extract, Hydroxymethoxyphenyl Decanone",https://theordinary.deciem.com/images/products/rdn-granactive-retinoid-5pct-in-squalane-30ml.png?ver=17,30 mL / 1 fl oz,
The Ordinary,Retinol 0.2% in Squalane,Acid,"Anti-Aging, Scarring, Uneven Skin Tone",https://theordinary.deciem.com/product/rdn-retinol-02pct-in-squalane-30ml?redir=1,5.3,"This water-free solution contains 0.2% pure Retinol, an ingredient that can reduce the appearances of fine lines, of photo damage and of general skin aging.","Apply a small amount to face in the PM as part of your skincare regimen, after water-based serums but before heavier treatments.","Squalane, Caprylic/Capric Triglyceride, Simmondsia Chinensis (Jojoba) Seed Oil, Retinol, Solanum Lycopersicum (Tomato) Fruit Extract, Rosmarinus Officinalis (Rosemary) Leaf Extract, Hydroxymethoxyphenyl Decanone, BHT",https://www.sephora.com/productimages/product/p457045-av-01-zoom.jpg?imwidth=1166,30 mL / 1 fl oz,
The Ordinary,Retinol 0.5% in Squalane,Acid,"Anti-Aging, Scarring, Uneven Skin Tone",https://theordinary.deciem.com/product/rdn-retinol-05pct-in-squalane-30ml?redir=1,5.8,"This water-free solution contains 0.5% pure Retinol, an ingredient that can reduce the appearances of fine lines, of photo damage and of general skin aging.","Apply a small amount to face in the PM as part of your skincare regimen, after water-based serums but before heavier treatments.","Squalane, Caprylic/Capric Triglyceride, Simmondsia Chinensis (Jojoba) Seed Oil, Retinol, Solanum Lycopersicum (Tomato) Fruit Extract, Rosmarinus Officinalis (Rosemary) Leaf Extract, Hydroxymethoxyphenyl Decanone, BHT",https://theordinary.deciem.com/images/products/rdn-retinol-05pct-in-squalane-30ml.png?ver=17,30 mL / 1 fl oz,
The Ordinary,Retinol 1% in Squalane,Acid,"Anti-Aging, Scarring, Uneven Skin Tone",https://theordinary.deciem.com/product/rdn-retinol-1pct-in-squalane-30ml?redir=1,6.7,"This water-free solution contains 1% pure Retinol, an ingredient that can reduce the appearances of fine lines, of photo damage and of general skin aging.","Apply a small amount to face in the PM as part of your skincare regimen, after water-based serums but before heavier treatments.","Squalane, Caprylic/Capric Triglyceride, Simmondsia Chinensis (Jojoba) Seed Oil, Retinol, Solanum Lycopersicum (Tomato) Fruit Extract, Rosmarinus Officinalis (Rosemary) Leaf Extract, Hydroxymethoxyphenyl Decanone, BHT",https://theordinary.deciem.com/images/products/rdn-retinol-1pct-in-squalane-30ml.png?ver=17,30 mL / 1 fl oz,
The Ordinary,Mineral UV Filters SPF 15 with Antioxidants,Suncare,"Anti-Aging, Hydration, Redness",https://theordinary.deciem.com/product/rdn-mineral-uv-filters-spf-15-with-antioxidants-50ml?redir=1,8.9,Broad Spectrum SPF 15 UVA/UVB Protection,"Shake well before use. Apply to face liberally and evenly 15 to 20 minutes before UV exposure. To maintain protection during continued UV exposure, reapply every 2 hours or after material water exposure, towel-drying, swimming, or extensive perspiration.","Aqua (Water), Cyclopentasiloxane, Zinc Oxide, Titanium Dioxide, Glycerin, PEG-10 Dimethicone, Helianthus Annuus Seed Oil, PEG-9 Polydimethylsiloxyethyl Dimethicone, Caprylic/Capric Triglyceride, Hexyl Laurate, Dimethicone/PEG-10/15 Crosspolymer, Polyglyceryl-4 Isostearate, Astaxanthin, Disodium Uridine Phosphate, Ethyl Ferulate, Rosmarinus Officinalis Leaf Extract, Tasmannia Lanceolata Fruit/Leaf Extract, Haematococcus Pluvialis Extract, Picea Mariana Bark Extract, Arginine, Aspartic Acid, Glycine, Alanine, Serine, Valine, Isoleucine, Proline, Threonine, Histidine, Phenylalanine, Sodium PCA, PCA, Sodium Lactate, Glucose, Maltose, Fructose, Trehalose, Urea, Allantoin, Sodium Hyaluronate, Linoleic Acid, Oleic Acid, Phytosteryl Canola Glycerides, Palmitic Acid, Stearic Acid, Isochrysis Galbana Extract, Lysolecithin, Lecithin, Triolein, Pentylene Glycol, Dipropylene Glycol, Polyglyceryl-10 Oleate, Polyglyceryl-5 Trioleate, Polyglyceryl-10 Stearate, Tocopherol, Alumina, Citric Acid, Trisodium Ethylenediamine Disuccinate, Sodium Chloride, Sodium Hydroxide, Phenoxyethanol, Chlorphenesin",https://theordinary.deciem.com/images/products/rdn-mineral-uv-filters-spf-15-with-antioxidants-50ml.png?ver=17,50 mL / 1.7 fl oz,
The Ordinary,Mineral UV Filters SPF 30 with Antioxidants,Suncare,"Anti-Aging, Hydration, Redness",https://theordinary.deciem.com/product/rdn-mineral-uv-filters-spf-30-with-antioxidants-50ml?redir=1,9.7,Broad Spectrum SPF 30 UVA/UVB Protection,"Shake well before use. Apply to face liberally and evenly 15 to 20 minutes before UV exposure. To maintain protection during continued UV exposure, reapply every 2 hours or after material water exposure, towel-drying, swimming, or extensive perspiration.","Aqua (Water), Cyclopentasiloxane, Zinc Oxide, Titanium Dioxide, PEG-10 Dimethicone, Glycerin, Helianthus Annuus Seed Oil, PEG-9 Polydimethylsiloxyethyl Dimethicone, Hexyl Laurate, Polyglyceryl-4 Isostearate, Caprylic/Capric Triglyceride, Dimethicone/PEG-10/15 Crosspolymer, Astaxanthin, Disodium Uridine Phosphate, Ethyl Ferulate, Rosmarinus Officinalis Leaf Extract, Tasmannia Lanceolata Fruit/Leaf Extract, Haematococcus Pluvialis Extract, Picea Mariana Bark Extract, Arginine, Aspartic Acid, Glycine, Alanine, Serine, Valine, Isoleucine, Proline, Threonine, Histidine, Phenylalanine, Sodium PCA, PCA, Sodium Lactate, Glucose, Maltose, Fructose, Trehalose, Urea, Allantoin, Sodium Hyaluronate, Linoleic Acid, Oleic Acid, Phytosteryl Canola Glycerides, Palmitic Acid, Stearic Acid, Isochrysis Galbana Extract, Lysolecithin, Lecithin, Triolein, Pentylene Glycol, Dipropylene Glycol, Polyglyceryl-10 Oleate, Polyglyceryl-5 Trioleate, Polyglyceryl-10 Stearate, Tocopherol, Alumina, Citric Acid, Trisodium Ethylenediamine Disuccinate, Sodium Chloride, Sodium Hydroxide, Phenoxyethanol, Chlorphenesin",https://theordinary.deciem.com/images/products/rdn-mineral-uv-filters-spf-30-with-antioxidants-50ml.png?ver=17,50 mL / 1.7 fl oz,
The Ordinary,100% L-Ascorbic Acid Powder,Acid,"Anti-Aging, Brightening, Scarring, Uneven Skin Tone",https://theordinary.deciem.com/product/rdn-100pct-l-ascorbic-acid-powder-20g?redir=1,5.8,"The format of this formula is a very fine, anhydrous, L-Ascorbic Acid powder and, as such, provides the most direct exposure of extremely high concentrations of Vitamin C topically.",Mix a small amount with other treatments in the palm of your hand and apply to face in the AM or the PM.,Ascorbic Acid,https://theordinary.deciem.com/images/social/2018-03-03-rdn-100pct-l-ascorbic-acid-powder-20g.jpg?ver=1,20 g,
The Ordinary,Ascorbic Acid 8% + Alpha Arbutin 2%,Serum,"Anti-Aging, Scarring, Uneven Skin Tone",https://theordinary.deciem.com/product/rdn-ascorbic-acid-8pct-alpha-arbutin-2pct-30ml?redir=1,10,"This formula combines two of the most powerful brightening agents in skincare: pure Vitamin C and Alpha Arbutin, both solubilized in a completely water-free formula for ideal stability.",Apply a few drops to face in the AM and PM as part of your skincare regimen.,"Propanediol, Ascorbic Acid, Alpha-Arbutin",https://theordinary.deciem.com/images/products/rdn-ascorbic-acid-8pct-alpha-arbutin-2pct-30ml.png?ver=17,30 mL / 1 fl oz,
The Ordinary,Ascorbyl Glucoside Solution 12%,Serum,"Anti-Aging, Brightening, Uneven Skin Tone",https://theordinary.deciem.com/product/rdn-ascorbyl-glucoside-solution-12pct-30ml?redir=1,12.9,A Brightening Serum with Stabilized Vitamin C Derivative,Apply a few drops to face AM and PM.,"Aqua (Water), Ascorbyl Glucoside, Propanediol, Aminomethyl Propanol, Triethanolamine, Isoceteth-20, Xanthan gum, Dimethyl Isosorbide, Ethoxydiglycol, Trisodium Ethylenediamine Disuccinate, 1,2-Hexanediol, Caprylyl Glycol",https://www.sephora.com/productimages/product/p442756-av-01-zoom.jpg?imwidth=1166,30 mL / 1 fl oz,
The Ordinary,Ascorbyl Tetraisopalmitate Solution 20% in Vitamin F,Serum,"Anti-Aging, Brightening, Uneven Skin Tone",https://theordinary.deciem.com/product/rdn-ascorbyl-tetraisopalmitate-solution-20pct-in-vitamin-f-30ml?redir=1,17.8,A high-strength oil solution with vitamin C derivative and essential fatty acids.,Apply a few drops to the entire face in the AM and/or PM.,"Coconut Alkanes, Tetrahexyldecyl Ascorbate, Ethyl Linoleate, Coco-Caprylate/Caprate, Simmondsia Chinensis (Jojoba) Seed Oil, Solanum Lycopersicum (Tomato) Fruit Extract, Squalane.",https://www.sephora.com/productimages/product/p427404-av-01-zoom.jpg?imwidth=1166,30 mL / 1 fl oz,
The Ordinary,Ethylated Ascorbic Acid 15% Solution,Acid,"Anti-Aging, Brightening, Uneven Skin Tone",https://theordinary.deciem.com/product/rdn-ethylated-ascorbic-acid-15pct-solution-30ml?redir=1,18,"An exceptionally-stable solution of 15% Ethylated Ascorbic Acid, this water-free formula offers a direct-acting approach to achieving a radiant, healthy-looking skin tone.",Apply a few drops to face AM and PM.,"Propanediol, Ethyl Ascorbic Acid",https://www.sephora.com/productimages/product/p455897-av-01-zoom.jpg?imwidth=1166,30 mL / 1 fl oz,
The Ordinary,Magnesium Ascorbyl Phosphate 10%,Moisturizer,"Anti-Aging, Brightening, Uneven Skin Tone",https://theordinary.deciem.com/product/rdn-magnesium-ascorbyl-phosphate-10pct-30ml?redir=1,9.6,A brightening hydrator with a stabilized vitamin C derivative.,"Apply a small amount of this cream formula to face AM and PM, after application of water-based serums.","Aqua (Water), Coco Caprylate/caprate, Magnesium Ascorbyl Phosphate, Isodecyl Neopentanoate, Plukenetia Volubilis Seed Oil, Coconut Alkanes, Disteardimonium Hectorite, Polyglyceryl-3 Diisostearate, Polyglycerol-3 Polyricinoleate, Glycerin, Hexamethyldisiloxane, Terminalia Ferdinandiana Fruit Extract, Tocopherol, Sodium Chloride, Phenoxyethanol, Chlorphenesin",https://theordinary.deciem.com/images/products/rdn-magnesium-ascorbyl-phosphate-10pct-30ml.png?ver=17,30 mL / 1 fl oz,
The Ordinary,"Vitamin C Suspension 23%
+ HA Spheres 2%",Serum,"Anti-Aging, Uneven Skin Tone",https://theordinary.deciem.com/product/rdn-vitamin-c-suspension-23pct-ha-spheres-2pct-30ml?redir=1,5.8,A water- and silicone-free stable suspension of 23 percent pure l-ascorbic acid.,Apply a small amount to face in the AM or the PM (PM preferred). A,"Ascorbic Acid, Squalane, Isodecyl Neopentanoate, Isononyl Isononanoate, Coconut Alkanes, Ethylene/Propylene/Styrene Copolymer, Ethylhexyl Palmitate, Silica Dimethyl Silylate, Sodium Hyaluronate, Glucomannan, Coco-Caprylate/Caprate, Butylene/Ethylene/Styrene Copolymer, Acrylates/Ethylhexyl Acrylate Crosspolymer, Trihydroxystearin, BHT",https://theordinary.deciem.com/images/products/rdn-vitamin-c-suspension-23pct-ha-spheres-2pct-30ml.png?ver=17,30 mL / 1 fl oz,
The Ordinary,Vitamin C Suspension 30% in Silicone,Serum,"Anti-Aging, Uneven Skin Tone",https://theordinary.deciem.com/product/rdn-vitamin-c-suspension-30pct-in-silicone-30ml?redir=1,6.8,"A water-free, stable suspension of 30 percent pure l-ascorbic acid in light silicones.",Apply a small amount to face in the AM or the PM (PM preferred).,"Dimethicone, Ascorbic Acid, Polysilicone-11, PEG-10 Dimethicone",https://theordinary.deciem.com/images/products/rdn-vitamin-c-suspension-30pct-in-silicone-30ml.png?ver=17,30 mL / 1 fl oz,